"","X","Zip.Code","Population","Cases","Deaths","Cases.Per.10000.Residents","totalanimalunits","deathsovercases","MortalityRate"
"1",1,27610,78475,1817,24,245,0,0.0132085855806274,0.0305829882128066
"2",2,28269,76811,1213,13,149,0,0.010717230008244,0.0169246592284959
"3",3,28277,71605,635,6,88,0,0.0094488188976378,0.00837930312129041
"4",4,27587,66583,542,15,73,0,0.0276752767527675,0.0225282729825932
"5",5,27406,63465,610,35,100,0,0.0573770491803279,0.0551485070511305
"6",6,28027,63423,813,17,110,0,0.020910209102091,0.0268041562209293
"7",7,28215,62533,1637,13,272,0,0.00794135613927917,0.0207890233956471
"8",8,28078,60107,545,6,82,0,0.0110091743119266,0.00998219841283045
"9",9,27858,59652,435,4,75,13173.59,0.00919540229885057,0.00670555890833501
"10",10,28314,58110,436,6,81,0,0.0137614678899083,0.0103252452245741
"11",11,28173,56910,505,1,79,0,0.00198019801980198,0.00175716042874714
"12",12,27834,56458,651,4,113,7008,0.00614439324116743,0.00708491267845124
"13",13,28227,55769,1173,10,205,0,0.00852514919011083,0.0179311086804497
"14",14,27410,55519,312,5,55,0,0.016025641025641,0.0090059258992417
"15",15,27519,55111,265,3,44,0,0.0113207547169811,0.00544355936201484
"16",16,28025,54829,654,7,118,60,0.0107033639143731,0.0127669663864014
"17",17,27713,54621,534,4,99,0,0.00749063670411985,0.00732319071419417
"18",18,28655,54594,1146,21,197,0,0.0183246073298429,0.0384657654687328
"19",19,27284,54413,433,4,77,0,0.0092378752886836,0.00735118445959605
"20",20,27603,53803,626,2,113,374,0.00319488817891374,0.00371726483653328
"21",21,28110,53520,785,16,141,0,0.0203821656050955,0.0298953662182362
"22",22,27616,53364,805,5,146,0,0.0062111801242236,0.00936961247282812
"23",23,28601,51706,640,11,128,0,0.0171875,0.0212741267937957
"24",24,27707,51168,812,5,173,0,0.0061576354679803,0.00977173233270794
"25",25,27703,51163,1208,8,197,0,0.00662251655629139,0.0156362996696832
"26",26,28216,51116,1037,9,177,0,0.00867888138862102,0.0176070115032475
"27",27,27407,50288,588,10,118,0,0.0170068027210884,0.0198854597518295
"28",28,27265,50139,363,21,73,0,0.0578512396694215,0.0418835636929336
"29",29,27705,49019,961,34,200,0,0.0353798126951093,0.0693608600746649
"30",30,27405,48990,743,11,141,7.5,0.0148048452220727,0.0224535619514187
"31",31,27529,48833,673,14,125,0,0.0208023774145617,0.0286691376732947
"32",32,28540,48775,165,1,31,8044.4,0.00606060606060606,0.00205023065094823
"33",33,28205,48539,1146,23,221,0,0.0200698080279232,0.047384577350172
"34",34,27106,48351,559,5,109,0,0.00894454382826476,0.0103410477549585
"35",35,28210,48304,1090,14,244,0,0.0128440366972477,0.0289831069890692
"36",37,27604,47761,852,9,179,0,0.0105633802816901,0.0188438265530454
"37",38,27107,47610,918,8,175,0,0.00871459694989107,0.0168031926065953
"38",39,27526,47425,316,8,58,0,0.0253164556962025,0.0168687401159726
"39",40,28645,46604,592,6,124,0,0.0101351351351351,0.0128744313792807
"40",41,27606,46589,367,2,77,0,0.00544959128065395,0.0042928588293374
"41",42,28546,46338,193,1,37,115.2,0.00518134715025907,0.00215805602313436
"42",43,28105,45786,538,18,119,0,0.033457249070632,0.0393133272179269
"43",44,28212,45694,1287,14,301,0,0.0108780108780109,0.0306385958769204
"44",45,27360,45603,517,0,107,0,0,0
"45",46,27513,44821,243,1,50,0,0.00411522633744856,0.00223109703040985
"46",47,28376,44328,513,6,117,5378.68,0.0116959064327485,0.0135354629128316
"47",48,27615,43461,379,5,82,0,0.0131926121372032,0.0115045673132234
"48",49,28262,43046,701,2,160,0,0.00285306704707561,0.00464619244529108
"49",50,27613,42933,269,3,58,0,0.0111524163568773,0.00698763189155195
"50",51,28806,42650,422,27,96,0,0.0639810426540284,0.063305978898007
"51",52,28306,41944,320,4,75,0,0.0125,0.00953652489032996
"52",53,27516,41551,293,6,66,247.8,0.0204778156996587,0.0144400856778417
"53",54,28214,41356,823,3,200,0,0.00364520048602673,0.00725408646871071
"54",55,27215,41204,426,4,95,0,0.00938967136150235,0.00970779535967382
"55",56,28403,40919,469,1,112,0,0.00213219616204691,0.00244385248906376
"56",57,28213,40724,1194,8,263,0,0.0067001675041876,0.0196444357135841
"57",58,27520,40611,626,24,142,1621.6,0.0383386581469649,0.0590972889118712
"58",59,27105,40530,836,6,208,0,0.00717703349282297,0.0148038490007402
"59",60,27502,40280,245,3,56,0,0.0122448979591837,0.00744786494538232
"60",61,27127,39902,616,5,160,0,0.00811688311688312,0.012530700215528
"61",62,28092,39710,353,1,88,1519.8,0.0028328611898017,0.0025182573659028
"62",63,28208,39700,939,7,235,0,0.00745473908413206,0.017632241813602
"63",64,27292,39649,441,4,106,3797,0.0090702947845805,0.0100885268228707
"64",65,28226,39631,496,7,123,0,0.0141129032258065,0.0176629406272867
"65",66,28625,39518,359,3,92,13361,0.00835654596100279,0.00759147730148287
"66",67,27909,39515,324,17,79,304,0.0524691358024691,0.043021637352904
"67",68,28273,39483,962,5,237,0,0.0051975051975052,0.0126636780386495
"68",69,27893,39372,773,17,190,1299.2,0.0219922380336352,0.0431778929188256
"69",70,27704,39281,1168,14,297,0,0.011986301369863,0.0356406405132252
"70",71,27330,39279,725,8,183,0,0.0110344827586207,0.0203671172891367
"71",72,28117,39278,350,2,74,0,0.00571428571428571,0.00509190895666786
"72",73,27530,38865,428,8,106,38524.96,0.0186915887850467,0.0205840730734594
"73",74,28358,38760,781,14,203,5608,0.0179257362355954,0.0361197110423117
"74",75,27612,38748,299,4,76,0,0.0133779264214047,0.0103231134510168
"75",76,27320,38634,207,3,53,369.6,0.0144927536231884,0.00776518092871564
"76",77,28562,38598,275,4,72,160,0.0145454545454545,0.0103632312555055
"77",78,27295,38511,364,11,93,0,0.0302197802197802,0.0285632676378178
"78",79,28412,38213,346,3,81,0,0.00867052023121387,0.0078507314264779
"79",80,28411,37995,290,3,75,0,0.0103448275862069,0.00789577575996842
"80",81,27217,37624,880,34,225,0,0.0386363636363636,0.0903678503083138
"81",82,27540,37520,211,1,54,0,0.004739336492891,0.00266524520255864
"82",83,28054,37335,612,8,152,0,0.0130718954248366,0.0214276148386233
"83",84,28115,37023,284,3,68,280,0.0105633802816901,0.00810307106393323
"84",85,28079,36737,330,6,83,0,0.0181818181818182,0.0163323080273294
"85",86,28304,36404,294,4,74,0,0.0136054421768707,0.0109878035380727
"86",87,27030,35843,387,5,103,980,0.0129198966408269,0.0139497251904137
"87",88,28348,35673,315,1,87,0,0.00317460317460317,0.00280324054607126
"88",89,28311,35641,266,3,74,0,0.0112781954887218,0.0084172722426419
"89",90,28607,35523,159,0,42,0,0,0
"90",91,28052,35302,668,5,181,0,0.00748502994011976,0.0141635034842219
"91",93,28270,35059,254,1,73,0,0.00393700787401575,0.00285233463589948
"92",94,27103,34993,403,9,112,0,0.0223325062034739,0.0257194296002058
"93",95,28792,34945,608,40,160,0,0.0657894736842105,0.114465588782372
"94",96,28677,34545,395,7,111,441,0.0177215189873418,0.0202634245187437
"95",97,27511,34525,263,3,77,0,0.0114068441064639,0.00868935553946416
"96",98,27205,34517,504,5,146,420,0.00992063492063492,0.014485615783527
"97",99,28056,34401,405,4,114,0,0.00987654320987654,0.0116275689660184
"98",100,28409,34180,276,5,79,0,0.0181159420289855,0.0146284376828555
"99",101,28803,33756,190,3,55,0,0.0157894736842105,0.00888730892285816
"100",102,28451,33435,309,2,79,0,0.00647249190938511,0.00598175564528189
"101",103,27614,33287,198,0,53,0,0,0
"102",104,27609,32870,443,6,115,0,0.0135440180586907,0.0182537268025555
"103",105,27560,32801,223,1,66,0,0.00448430493273543,0.00304868754001402
"104",106,28405,32330,321,3,95,0,0.00934579439252336,0.0092793071450665
"105",107,27514,32304,222,17,68,0,0.0765765765765766,0.0526250619118375
"106",108,27534,32233,358,2,113,6301.98,0.00558659217877095,0.00620482114603047
"107",110,27332,31629,451,3,134,0,0.00665188470066519,0.00948496632836953
"108",111,27302,31331,277,0,86,420,0,0
"109",112,28104,31085,274,5,84,0,0.0182481751824818,0.0160849284220685
"110",113,28211,30789,396,7,127,0,0.0176767676767677,0.0227353925103121
"111",114,28752,30591,393,4,125,0,0.0101781170483461,0.013075741231081
"112",115,27253,30544,402,3,128,210,0.00746268656716418,0.00982189628077527
"113",116,27804,29938,289,3,99,1112,0.0103806228373702,0.0100207094662302
"114",117,27607,29536,157,0,52,0,0,0
"115",118,28303,29414,181,0,52,0,0,0
"116",119,28217,29410,1280,6,415,0,0.0046875,0.0204012240734444
"117",120,28602,29105,357,5,114,0,0.0140056022408964,0.0171791788352517
"118",121,27455,29020,195,7,67,0,0.0358974358974359,0.0241212956581668
"119",122,27104,27892,321,6,109,0,0.0186915887850467,0.0215115445288972
"120",124,28560,27590,188,3,65,323.6,0.0159574468085106,0.0108735048930772
"121",125,28150,27581,304,9,104,0,0.0296052631578947,0.032631159131286
"122",126,28081,27557,322,1,114,0,0.0031055900621118,0.00362884203650615
"123",127,28146,27496,270,0,89,0,0,0
"124",128,28658,27479,313,5,121,0,0.0159744408945687,0.018195713089996
"125",129,27012,27478,226,0,78,0,0,0
"126",130,28031,27460,340,16,110,0,0.0470588235294118,0.0582665695557174
"127",131,28278,27286,397,1,122,0,0.00251889168765743,0.00366488309022942
"128",132,28328,27225,772,8,286,213010.78,0.0103626943005181,0.0293847566574839
"129",133,27545,27186,498,19,164,0,0.0381526104417671,0.0698889134113146
"130",134,28112,26999,527,7,188,3920,0.0132827324478178,0.0259268861809697
"131",135,28734,26935,333,1,117,0,0.003003003003003,0.00371264154445888
"132",136,28001,26601,412,8,145,1060,0.0194174757281553,0.0300740573662644
"133",137,27889,26576,210,2,76,0,0.00952380952380952,0.00752558699578567
"134",138,28715,26318,179,1,66,0,0.00558659217877095,0.00379968082681055
"135",139,27278,26054,206,0,76,2010,0,0
"136",140,27028,26044,262,0,93,825,0,0
"137",141,27870,25792,271,5,102,0,0.018450184501845,0.0193858560794045
"138",142,27260,25761,335,11,130,0,0.0328358208955224,0.0427002057373549
"139",143,28352,25760,184,1,73,30744.02,0.00543478260869565,0.00388198757763975
"140",144,27549,25645,383,23,152,0,0.0600522193211488,0.0896860986547085
"141",145,28681,25636,174,1,65,3010,0.00574712643678161,0.00390076454985177
"142",146,28083,25540,297,6,115,0,0.0202020202020202,0.0234925606891151
"143",147,28547,25420,51,0,37,0,0,0
"144",148,27565,25375,301,3,116,922.4,0.00996677740863787,0.0118226600985222
"145",149,28152,25348,274,2,105,0,0.0072992700729927,0.00789016884961338
"146",150,27577,25330,486,4,193,3603.13,0.00823045267489712,0.0157915515199368
"147",151,28144,25158,417,15,161,0,0.0359712230215827,0.0596231814929645
"148",152,28086,25037,235,2,87,856,0.00851063829787234,0.00798817749730399
"149",153,28147,24878,602,25,230,210,0.0415282392026578,0.100490393118418
"150",154,28334,24780,302,1,115,16812.58,0.0033112582781457,0.00403551251008878
"151",155,28590,24613,218,2,82,9721.6,0.00917431192660551,0.00812578718563361
"152",156,27537,24578,306,9,121,0,0.0294117647058824,0.0366181137602734
"153",157,28379,24403,264,4,102,130,0.0151515151515152,0.0163914272835307
"154",158,27262,24379,252,5,102,0,0.0198412698412698,0.0205094548586899
"155",159,28401,24279,300,3,124,0,0.01,0.0123563573458544
"156",160,27517,24092,214,1,74,0,0.00467289719626168,0.00415075543748962
"157",161,28390,23790,149,4,63,0,0.0268456375838926,0.0168137873055906
"158",162,27288,23689,116,0,49,0,0,0
"159",163,27597,23538,291,2,114,4777.2,0.00687285223367698,0.00849689863199932
"160",164,27539,23436,150,1,56,0,0.00666666666666667,0.00426693975081072
"161",165,28326,23385,141,2,63,3913.36,0.0141843971631206,0.00855249091297841
"162",166,27527,23160,248,0,82,649,0,0
"163",167,28012,22968,259,3,107,0,0.0115830115830116,0.0130616509926855
"164",168,27701,22849,497,4,188,0,0.00804828973843058,0.0175062365967876
"165",169,28209,22694,395,1,152,0,0.00253164556962025,0.0044064510443289
"166",170,27403,22569,117,5,55,0,0.0427350427350427,0.0221542824227923
"167",171,28613,22233,302,2,120,0,0.00662251655629139,0.00899563711599874
"168",172,28532,22205,81,1,31,0,0.0123456790123457,0.0045034902049088
"169",173,28804,22189,91,6,39,0,0.0659340659340659,0.0270404254360269
"170",174,28443,22138,150,0,67,0,0,0
"171",175,27401,22105,223,5,110,0,0.0224215246636771,0.0226193168966297
"172",176,27263,22028,199,1,89,0,0.0050251256281407,0.00453967677501362
"173",177,28504,21852,205,6,98,17256.1,0.0292682926829268,0.0274574409665019
"174",178,27203,21684,589,15,269,250,0.0254668930390492,0.0691754288876591
"175",179,28570,21590,151,1,67,0,0.00662251655629139,0.00463177396943029
"176",180,28739,21474,91,0,41,0,0,0
"177",181,28787,21314,85,0,41,0,0,0
"178",182,27546,21313,192,23,86,10138.77,0.119791666666667,0.107915356824473
"179",183,27501,21299,215,1,101,388.8,0.00465116279069767,0.00469505610592047
"180",184,28659,21229,290,4,138,0,0.0137931034482759,0.0188421498893024
"181",185,28120,21119,228,3,94,0,0.0131578947368421,0.0142052180500971
"182",186,27712,21100,295,20,134,0,0.0677966101694915,0.0947867298578199
"183",187,27591,21098,272,1,116,0,0.00367647058823529,0.00473978576168357
"184",188,28043,21075,203,3,95,0,0.0147783251231527,0.0142348754448399
"185",189,28139,20900,203,6,101,0,0.0295566502463054,0.0287081339712919
"186",190,27518,20875,100,0,44,0,0,0
"187",191,28786,20821,76,1,35,0,0.0131578947368421,0.00480284328322367
"188",192,27896,20681,250,8,118,0,0.032,0.0386828489918283
"189",194,27886,20450,234,5,108,8882.79,0.0213675213675214,0.0244498777506112
"190",195,27312,20368,153,19,69,210,0.124183006535948,0.0932835820895522
"191",196,28037,20110,162,0,68,0,0,0
"192",197,28712,20017,66,0,34,0,0,0
"193",198,28630,20007,276,3,136,104,0.0108695652173913,0.0149947518368571
"194",199,28461,19897,74,2,36,0,0.027027027027027,0.0100517665979796
"195",200,28805,19818,84,4,41,0,0.0476190476190476,0.0201836714098294
"196",201,27801,19737,176,5,82,2537.2,0.0284090909090909,0.025333130668288
"197",202,27101,19681,202,0,83,0,0,0
"198",203,28312,19196,112,1,61,364.8,0.00892857142857143,0.00520941862888102
"199",204,28704,19060,195,0,90,280,0,0
"200",205,27617,18856,137,0,70,0,0,0
"201",206,27344,18798,759,21,393,1005,0.0276679841897233,0.11171401212895
"202",207,27803,18791,160,3,72,960,0.01875,0.015965089670587
"203",208,28075,18621,184,5,96,0,0.0271739130434783,0.0268514043284464
"204",209,28472,18423,226,13,113,14100.8,0.0575221238938053,0.0705639689518537
"205",210,27596,18359,123,1,66,0,0.00813008130081301,0.00544691976687183
"206",211,28501,18334,123,2,63,12297.43,0.016260162601626,0.0109086942293008
"207",212,28779,18141,120,2,68,0,0.0166666666666667,0.0110247505650185
"208",213,28574,18116,77,2,43,48720.08,0.025974025974026,0.011039964672113
"209",214,27576,18104,464,5,230,0,0.0107758620689655,0.0276182059213433
"210",215,27408,18090,122,0,70,0,0,0
"211",216,27282,17835,94,2,57,0,0.0212765957446809,0.0112139052425007
"212",217,28307,17830,30,0,19,0,0,0
"213",218,28036,17824,179,4,96,0,0.0223463687150838,0.0224416517055655
"214",219,28716,17807,85,1,46,420,0.0117647058823529,0.00561576907957545
"215",221,28301,17600,243,22,137,9588,0.0905349794238683,0.125
"216",222,27021,17539,102,1,57,0,0.00980392156862745,0.00570157933747648
"217",223,27409,17532,153,2,85,0,0.0130718954248366,0.0114077116130504
"218",224,28732,17479,75,0,40,3288,0,0
"219",225,28034,17327,207,5,116,0,0.0241545893719807,0.0288566976395221
"220",226,28374,17190,159,7,88,0,0.0440251572327044,0.0407213496218732
"221",227,28714,17044,58,0,34,0,0,0
"222",228,28365,16886,484,17,284,155177.79,0.0351239669421488,0.10067511548028
"223",229,27317,16640,204,3,114,5990.6,0.0147058823529412,0.0180288461538462
"224",230,27856,16488,121,2,70,17772.09,0.0165289256198347,0.0121300339640951
"225",231,27536,16421,347,30,211,0,0.0864553314121038,0.182692893246453
"226",232,28327,16192,107,2,59,1272.18,0.0186915887850467,0.0123517786561265
"227",233,28203,15946,321,2,168,0,0.00623052959501558,0.0125423303649818
"228",234,27370,15678,107,0,73,0,0,0
"229",235,28023,15623,116,0,78,0,0,0
"230",236,28539,15623,62,1,34,0,0.0161290322580645,0.00640081930487102
"231",237,27592,15588,169,1,97,0,0.00591715976331361,0.00641519117269695
"232",238,27244,15535,68,0,42,280,0,0
"233",239,27510,15528,161,2,111,0,0.0124223602484472,0.0128799587841319
"234",240,28387,15526,109,2,64,0,0.018348623853211,0.0128816179312122
"235",241,28557,15204,32,0,21,0,0,0
"236",242,27358,15184,120,1,75,0,0.00833333333333333,0.00658587987355111
"237",243,28364,15183,160,2,105,16178.21,0.0125,0.0131726272805111
"238",244,27504,15182,210,2,129,7312.4,0.00952380952380952,0.0131734949282045
"239",245,28551,15104,171,3,120,46253.2,0.0175438596491228,0.0198622881355932
"240",246,28164,15099,115,0,74,0,0,0
"241",247,28791,14954,174,8,110,0,0.0459770114942529,0.0534973920021399
"242",248,28360,14931,249,5,167,0,0.0200803212851406,0.0334873752595272
"243",249,27006,14555,72,3,48,0,0.0416666666666667,0.020611473720371
"244",250,27574,14489,64,0,42,14.49,0,0
"245",251,27525,14323,146,0,94,0,0,0
"246",252,27892,14161,139,3,97,41492.4,0.0215827338129496,0.0211849445660617
"247",253,27055,14131,228,2,157,7437,0.0087719298245614,0.0141532800226452
"248",254,28372,14022,125,1,82,0,0.008,0.00713165026387106
"249",255,28021,13991,124,2,92,3928,0.0161290322580645,0.0142949038667715
"250",256,27524,13916,222,3,164,22142.32,0.0135135135135135,0.0215579189422248
"251",257,28315,13700,109,1,82,0,0.00917431192660551,0.0072992700729927
"252",258,28801,13683,71,2,42,0,0.028169014084507,0.0146166776291749
"253",259,28697,13638,172,3,129,0,0.0174418604651163,0.021997360316762
"254",260,28711,13398,48,0,31,0,0,0
"255",261,27023,13088,107,1,84,0,0.00934579439252336,0.00764058679706601
"256",262,28016,13046,131,1,90,411,0.00763358778625954,0.00766518473095202
"257",263,28377,12933,259,4,199,10566.06,0.0154440154440154,0.0309286321812418
"258",264,28580,12874,184,3,153,63525.35,0.016304347826087,0.0233027807985086
"259",265,27863,12855,99,0,78,3424,0,0
"260",266,28202,12745,304,0,181,0,0,0
"261",267,28462,12659,119,4,83,0,0.0336134453781513,0.0315980725175764
"262",268,28748,12613,56,2,44,245,0.0357142857142857,0.0158566558312852
"263",270,27932,12455,99,2,78,2946.4,0.0202020202020202,0.0160578081091931
"264",271,27249,12447,86,0,64,440,0,0
"265",272,28612,12338,130,4,87,0,0.0307692307692308,0.0324201653428432
"266",273,28584,12265,37,0,29,0,0,0
"267",274,28345,12107,116,3,92,0,0.0258620689655172,0.0247790534401586
"268",275,28470,12089,147,0,109,0,0,0
"269",276,27944,11969,49,1,40,1265.71,0.0204081632653061,0.00835491686857716
"270",277,28206,11919,271,1,178,0,0.003690036900369,0.00838996560114104
"271",278,27522,11861,165,0,121,0,0,0
"272",279,28170,11861,145,1,116,2209.44,0.00689655172413793,0.00843099232779698
"273",280,27910,11833,170,10,146,239.73,0.0588235294117647,0.0845094228006423
"274",281,27040,11803,76,1,58,0,0.0131578947368421,0.00847242226552571
"275",282,28638,11698,156,0,124,0,0,0
"276",283,28425,11634,148,2,117,6696.4,0.0135135135135135,0.0171909919202338
"277",284,27523,11629,72,0,56,0,0,0
"278",285,28103,11397,129,1,114,0,0.00775193798449612,0.00877423883478108
"279",286,27025,11387,36,0,32,720,0,0
"280",287,28516,11268,26,2,21,0,0.0769230769230769,0.017749378771743
"281",288,28384,11199,325,2,262,11965.27,0.00615384615384615,0.0178587373872667
"282",289,28723,11182,108,0,92,0,0,0
"283",290,27573,11158,72,2,62,973.66,0.0277777777777778,0.0179243592041585
"284",291,27948,11118,67,0,54,0,0,0
"285",292,28650,11106,122,1,91,0,0.00819672131147541,0.00900414190527643
"286",293,28333,11075,297,5,277,4302.8,0.0168350168350168,0.0451467268623025
"287",294,27608,11054,73,1,63,0,0.0136986301369863,0.00904649900488511
"288",295,28134,11049,204,1,173,0,0.00490196078431373,0.00905059281382931
"289",296,27958,10988,36,0,30,0,0,0
"290",297,27214,10773,80,1,68,1896.4,0.0125,0.0092824654228163
"291",298,28467,10551,111,1,97,0,0.00900900900900901,0.00947777461851957
"292",299,28621,10499,143,2,138,652.4,0.013986013986014,0.0190494332793599
"293",300,28460,10490,70,1,66,0,0.0142857142857143,0.00953288846520496
"294",301,27601,10445,108,1,89,0,0.00925925925925926,0.00957395883197702
"295",302,28513,10321,88,0,81,22747.98,0,0
"296",303,28777,10314,67,2,64,0,0.0298507462686567,0.0193911188675587
"297",304,28457,10303,151,1,118,7389.2,0.00662251655629139,0.00970591089973794
"298",305,28721,10152,48,0,44,651,0,0
"299",306,28754,10138,16,0,18,0,0,0
"300",307,28610,10120,103,0,101,0,0,0
"301",308,28168,10056,74,0,71,210,0,0
"302",309,27298,10052,98,0,94,8918,0,0
"303",310,28337,10019,155,0,130,47617.36,0,0
"304",311,27542,9953,102,3,102,156,0.0294117647058824,0.0301416658293982
"305",312,28778,9939,55,0,51,0,0,0
"306",313,28753,9937,21,0,17,0,0,0
"307",314,28320,9919,53,2,56,33784.98,0.0377358490566038,0.0201633229156165
"308",315,28138,9912,90,1,77,308,0.0111111111111111,0.010088781275222
"309",316,27052,9906,50,0,50,0,0,0
"310",317,28463,9741,199,12,202,11137,0.0603015075376884,0.123190637511549
"311",319,28340,9657,264,15,246,21087.16,0.0568181818181818,0.155327741534638
"312",320,28207,9539,141,0,144,0,0,0
"313",321,27828,9489,63,0,70,8030.51,0,0
"314",322,28166,9394,65,1,66,0,0.0153846153846154,0.0106450926123057
"315",323,27045,9374,105,2,110,0,0.019047619047619,0.0213356091316407
"316",324,28466,9294,295,5,284,62276.98,0.0169491525423729,0.0537981493436626
"317",325,28174,9284,156,2,168,0,0.0128205128205128,0.02154243860405
"318",326,28730,9248,18,0,18,364,0,0
"319",327,27017,9236,172,0,181,0,0,0
"320",328,28690,9125,81,0,86,0,0,0
"321",329,27371,9102,128,2,165,213.12,0.015625,0.0219731927049
"322",330,27239,9066,55,3,57,314.8,0.0545454545454545,0.0330906684315023
"323",331,27376,8998,94,5,95,0,0.0531914893617021,0.0555679039786619
"324",332,28383,8854,140,2,182,9168.96,0.0142857142857143,0.0225886604924328
"325",333,27301,8826,72,2,72,0,0.0277777777777778,0.0226603217765692
"326",334,28904,8759,50,0,52,0,0,0
"327",335,28713,8704,30,0,32,0,0,0
"328",336,28657,8701,16,0,17,0,0,0
"329",337,27357,8652,57,1,68,0,0.0175438596491228,0.0115580212667591
"330",338,27983,8631,91,2,86,4732.8,0.021978021978022,0.0231722859460086
"331",340,28518,8512,102,1,116,56929.12,0.00980392156862745,0.0117481203007519
"332",341,28090,8473,52,1,61,315,0.0192307692307692,0.0118021952083087
"333",342,27822,8459,101,2,111,0,0.0198019801980198,0.0236434566733656
"334",344,28422,8404,86,6,99,2968.8,0.0697674418604651,0.0713945740123751
"335",345,28731,8354,169,3,182,0,0.0177514792899408,0.0359109408666507
"336",347,27589,8155,97,3,117,338.16,0.0309278350515464,0.0367872470876763
"337",348,28771,8095,22,0,27,0,0,0
"338",349,27048,8059,34,0,38,0,0,0
"339",350,28719,8025,77,3,111,0,0.038961038961039,0.0373831775700935
"340",351,27041,7947,59,0,74,0,0,0
"341",352,27569,7942,124,0,138,9830.8,0,0
"342",353,28080,7941,52,0,64,0,0,0
"343",355,27823,7890,88,0,113,5084,0,0
"344",356,27377,7884,86,0,90,0,0,0
"345",357,28127,7860,155,2,203,0,0.0129032258064516,0.0254452926208651
"346",358,28785,7811,21,0,25,1792,0,0
"347",359,27817,7773,53,0,68,3764.8,0,0
"348",360,28398,7765,290,8,378,96645.59,0.0275862068965517,0.103026400515132
"349",361,28040,7738,45,0,54,0,0,0
"350",362,27018,7714,87,2,106,1976,0.0229885057471264,0.0259268861809697
"351",363,27051,7678,63,0,76,0,0,0
"352",364,28761,7671,97,4,114,0,0.0412371134020619,0.0521444400990744
"353",365,27882,7637,121,1,153,10531.29,0.00826446280991736,0.0130941469163284
"354",366,28604,7635,26,0,40,0,0,0
"355",367,27557,7558,112,0,122,3204.86,0,0
"356",368,27949,7532,21,0,29,0,0,0
"357",369,27962,7527,43,0,58,200,0,0
"358",370,28429,7525,54,0,63,0,0,0
"359",371,28759,7488,46,1,58,440,0.0217391304347826,0.0133547008547009
"360",372,28572,7477,65,0,102,60244.24,0,0
"361",373,28694,7459,27,0,34,0,0,0
"362",374,28651,7419,67,0,101,0,0,0
"363",375,27954,7389,21,0,33,0,0,0
"364",376,28768,7388,39,0,49,0,0,0
"365",377,28107,7380,81,0,99,0,0,0
"366",378,28339,7357,78,0,108,0,0,0
"367",379,27310,7290,33,1,39,0,0.0303030303030303,0.0137174211248285
"368",380,28445,7278,46,1,56,1129.2,0.0217391304347826,0.0137400384721077
"369",381,28586,7259,68,0,81,4606.54,0,0
"370",382,28465,7252,34,0,41,0,0,0
"371",383,28371,7249,85,2,120,226.56,0.0235294117647059,0.0275900124155056
"372",384,27850,7244,37,0,50,0,0,0
"373",385,27316,7157,157,10,219,7021.2,0.0636942675159236,0.139723347771413
"374",386,28114,7139,76,0,84,0,0,0
"375",387,28705,7139,19,0,27,0,0,0
"376",388,27313,7134,95,16,130,2710,0.168421052631579,0.224278104850014
"377",389,28431,7131,101,6,150,5496,0.0594059405940594,0.0841396718552798
"378",390,27043,7094,56,1,87,0,0.0178571428571429,0.0140964195094446
"379",391,28128,7056,85,0,105,585.2,0,0
"380",392,28675,7033,32,0,47,2509.8,0,0
"381",393,28382,7026,73,0,91,45698.41,0,0
"382",394,28458,7024,247,4,352,113840.23,0.0161943319838057,0.0569476082004556
"383",395,27583,7020,35,0,50,853.25,0,0
"384",396,27258,7011,71,0,92,0,0,0
"385",397,28762,6958,53,0,70,0,0,0
"386",398,27572,6887,40,0,55,0,0,0
"387",399,28578,6858,185,3,263,28370.79,0.0162162162162162,0.0437445319335083
"388",400,27325,6767,142,1,185,2328.59,0.00704225352112676,0.0147775971627013
"389",401,28204,6725,155,1,177,0,0.00645161290322581,0.0148698884758364
"390",402,28544,6692,25,2,45,0,0.08,0.0298864315600717
"391",403,27571,6664,38,0,51,0,0,0
"392",404,28678,6577,32,0,61,3724,0,0
"393",405,28782,6562,41,1,63,3000,0.024390243902439,0.0152392563242914
"394",406,28428,6533,83,0,116,0,0,0
"395",407,28722,6477,33,0,48,0,0,0
"396",408,28310,6470,65,0,73,0,0,0
"397",409,27837,6463,40,0,61,17833.36,0,0
"398",410,28530,6457,70,0,94,5902.8,0,0
"399",411,27855,6454,58,1,95,0,0.0172413793103448,0.0154942671211652
"400",412,27807,6415,128,1,184,0,0.0078125,0.0155884645362432
"401",413,27503,6328,24,0,33,400,0,0
"402",414,28673,6307,24,0,36,0,0,0
"403",415,27509,6285,594,26,857,0,0.0437710437710438,0.413683373110581
"404",416,28479,6274,44,0,90,12035,0,0
"405",417,27306,6211,89,2,150,367.56,0.0224719101123595,0.032200933827081
"406",418,28124,6192,64,1,91,0,0.015625,0.0161498708010336
"407",419,27013,6135,59,2,91,1502,0.0338983050847458,0.032599837000815
"408",421,28469,6128,75,0,100,44,0,0
"409",422,27521,6111,60,0,84,182.4,0,0
"410",423,28097,6074,51,0,83,0,0,0
"411",424,27350,6021,50,0,67,2593.8,0,0
"412",425,28135,5999,49,0,82,0,0,0
"413",426,28386,5997,196,5,323,0,0.0255102040816327,0.0833750208437552
"414",427,28391,5984,30,0,56,629.6,0,0
"415",428,27299,5945,42,0,80,245,0,0
"416",429,28642,5890,41,0,74,2005,0,0
"417",430,27505,5862,111,4,152,0,0.036036036036036,0.0682360968952576
"418",431,28609,5788,47,0,73,0,0,0
"419",433,27020,5717,79,2,129,3390,0.0253164556962025,0.0349833828931258
"420",434,28305,5705,40,2,80,0,0.05,0.035056967572305
"421",435,27379,5601,34,0,56,0,0,0
"422",436,28366,5564,108,0,210,40518.57,0,0
"423",438,27349,5500,32,0,55,1745,0,0
"424",439,27605,5490,38,1,72,0,0.0263157894736842,0.0182149362477231
"425",440,28163,5469,32,0,55,0,0,0
"426",441,27011,5380,50,0,92,0,0,0
"427",442,28433,5375,40,0,76,19849.04,0,0
"428",443,28073,5366,53,1,95,0,0.0188679245283019,0.0186358553857622
"429",444,27891,5356,28,2,56,6077.1,0.0714285714285714,0.0373412994772218
"430",445,27851,5356,77,0,138,0,0,0
"431",446,28394,5303,34,1,56,0,0.0294117647058824,0.0188572506128606
"432",447,28129,5287,55,0,91,0,0,0
"433",448,28789,5281,36,0,55,0,0,0
"434",449,27341,5263,43,0,74,4040,0,0
"435",450,28634,5230,59,0,112,2028,0,0
"436",451,28543,5153,16,1,24,0,0.0625,0.0194061711624297
"437",452,28478,5114,85,0,171,28858.22,0,0
"438",453,28468,5093,38,0,70,0,0,0
"439",454,27809,5083,61,1,116,681.7,0.0163934426229508,0.0196734212079481
"440",455,27544,5027,31,0,72,0,0,0
"441",456,28636,5013,40,1,77,0,0.025,0.0199481348493916
"442",457,27864,4911,70,1,145,3704.2,0.0142857142857143,0.0203624516391774
"443",458,28356,4890,25,2,51,0,0.08,0.0408997955010225
"444",459,27921,4889,27,2,50,0,0.0740740740740741,0.040908161178155
"445",460,28901,4874,32,1,53,0,0.03125,0.0205170291341814
"446",461,28341,4843,186,1,366,86737.42,0.00537634408602151,0.0206483584555028
"447",462,27830,4841,39,1,80,27425.5,0.0256410256410256,0.0206568890725057
"448",463,27581,4832,24,0,61,0,0,0
"449",464,28555,4767,21,0,45,4817.4,0,0
"450",465,27563,4762,86,1,162,1478.5,0.0116279069767442,0.0209995800083998
"451",466,28640,4759,15,0,31,0,0,0
"452",467,28756,4715,27,0,57,0,0,0
"453",468,28018,4699,34,0,57,0,0,0
"454",469,28351,4698,24,0,46,0,0,0
"455",470,28338,4663,49,1,102,11501.35,0.0204081632653061,0.0214454214025306
"456",471,27209,4591,165,8,397,0,0.0484848484848485,0.174253975168809
"457",472,27235,4557,22,0,48,0,0,0
"458",473,27937,4546,16,1,38,2224.8,0.0625,0.021997360316762
"459",475,27243,4431,45,1,96,0,0.0222222222222222,0.0225682690137666
"460",477,27027,4382,11,0,27,0,0,0
"461",478,28318,4371,32,0,70,18957.82,0,0
"462",479,27871,4307,44,1,99,0,0.0227272727272727,0.0232180171813327
"463",480,27248,4249,36,1,74,695,0.0277777777777778,0.0235349493998588
"464",481,28344,4199,64,1,168,5558,0.015625,0.0238151940938319
"465",482,27019,4139,24,0,57,0,0,0
"466",483,27810,4074,20,0,47,0,0,0
"467",484,28676,4028,16,0,46,0,0,0
"468",485,27050,3995,24,0,59,0,0,0
"469",486,27925,3991,90,1,216,286.26,0.0111111111111111,0.0250563768479078
"470",487,27976,3985,20,0,56,0,0,0
"471",489,28692,3941,23,0,51,0,0,0
"472",490,28323,3899,30,0,66,0,0,0
"473",491,28420,3845,64,1,125,3021.12,0.015625,0.0260078023407022
"474",492,28441,3818,63,2,189,50724.29,0.0317460317460317,0.0523834468308015
"475",493,28456,3800,45,0,126,2352,0,0
"476",494,27874,3766,27,0,57,7074.66,0,0
"477",495,27805,3761,31,0,82,2045.92,0,0
"478",496,28741,3748,68,0,217,0,0,0
"479",497,28453,3737,249,6,602,109998.92,0.0240963855421687,0.160556596200161
"480",498,27541,3718,15,0,37,1885.25,0,0
"481",499,27311,3697,10,0,31,0,0,0
"482",500,28594,3697,19,0,52,0,0,0
"483",501,28585,3674,28,2,67,35343.45,0.0714285714285714,0.0544365813826892
"484",502,27233,3643,12,0,33,420,0,0
"485",503,28098,3629,32,1,80,0,0.03125,0.0275558004960044
"486",504,28670,3590,18,1,57,252,0.0555555555555556,0.0278551532033426
"487",505,28160,3586,65,2,162,0,0.0307692307692308,0.0557724484104852
"488",506,28033,3555,26,1,77,2800,0.0384615384615385,0.0281293952180028
"489",507,28643,3521,11,0,32,0,0,0
"490",508,27839,3503,16,0,43,62.4,0,0
"491",509,27924,3448,32,0,91,0,0,0
"492",510,28605,3428,12,0,29,0,0,0
"493",511,28751,3387,20,0,54,0,0,0
"494",512,28790,3308,22,0,58,0,0,0
"495",513,28032,3296,40,0,123,0,0,0
"496",514,28729,3271,9,0,30,0,0,0
"497",515,28533,3248,0,0,0,0,NA,0
"498",516,28137,3248,37,0,96,0,0,0
"499",517,27880,3242,48,0,146,661.2,0,0
"500",518,28512,3236,8,1,22,0,0.125,0.030902348578492
"501",519,27846,3228,16,0,52,0,0,0
"502",520,28701,3224,9,0,19,0,0,0
"503",521,27229,3220,111,0,277,0,0,0
"504",522,28726,3219,72,1,207,0,0.0138888888888889,0.0310655483069276
"505",523,27831,3199,47,0,131,19714.4,0,0
"506",524,27283,3182,23,0,77,315,0,0
"507",525,28635,3162,17,0,42,0,0,0
"508",526,27207,3149,54,1,142,280,0.0185185185185185,0.0317561130517625
"509",527,27024,3148,13,0,48,0,0,0
"510",528,27852,3134,30,0,87,2720,0,0
"511",529,28654,3100,35,0,92,0,0,0
"512",530,27281,3079,31,0,84,213.12,0,0
"513",531,28773,3056,30,4,86,0,0.133333333333333,0.130890052356021
"514",532,28526,3018,8,0,34,11273,0,0
"515",533,27832,3001,45,0,155,0,0,0
"516",534,28905,2995,18,0,51,0,0,0
"517",535,27053,2973,13,0,41,0,0,0
"518",536,27883,2970,43,1,99,8056.67,0.0232558139534884,0.0336700336700337
"519",537,27844,2955,48,0,158,0,0,0
"520",538,28525,2919,25,0,76,17649.03,0,0
"521",540,27959,2908,10,1,41,0,0.1,0.0343878954607978
"522",541,28159,2908,44,0,141,0,0,0
"523",542,28521,2877,35,1,155,21348.96,0.0285714285714286,0.0347584289190129
"524",543,27845,2876,9,0,32,1615.97,0,0
"525",544,27326,2872,24,1,65,0,0.0416666666666667,0.0348189415041783
"526",545,28369,2865,29,1,129,7000,0.0344827586206897,0.0349040139616056
"527",546,28349,2840,155,12,392,67270.55,0.0774193548387097,0.422535211267606
"528",547,27970,2820,40,3,124,23633.57,0.075,0.106382978723404
"529",548,27890,2778,38,1,158,0,0.0263157894736842,0.0359971202303816
"530",549,28571,2769,9,0,29,0,0,0
"531",550,27812,2762,29,0,98,5056.5,0,0
"532",551,28763,2758,23,0,80,0,0,0
"533",552,27356,2746,56,1,159,0,0.0178571428571429,0.0364166059723234
"534",553,28088,2746,35,0,114,0,0,0
"535",554,28582,2734,4,0,22,0,0,0
"536",555,28464,2707,70,1,281,6181.2,0.0142857142857143,0.036941263391208
"537",556,28508,2699,102,1,342,37744.56,0.00980392156862745,0.0370507595405706
"538",558,28357,2682,34,0,105,0,0,0
"539",559,27806,2664,7,0,29,0,0,0
"540",560,28669,2663,19,0,61,370,0,0
"541",561,28742,2660,6,0,21,0,0,0
"542",562,28071,2649,31,0,97,0,0,0
"543",563,28396,2620,25,1,93,4531.33,0.04,0.0381679389312977
"544",564,28373,2602,24,0,94,0,0,0
"545",566,27009,2596,9,0,31,0,0,0
"546",567,28450,2596,40,3,167,0,0.075,0.115562403697997
"547",568,28167,2591,18,1,74,0,0.0555555555555556,0.0385951370127364
"548",569,28515,2584,15,1,43,0,0.0666666666666667,0.0386996904024768
"549",570,28618,2581,8,0,32,0,0,0
"550",571,27816,2578,24,0,91,7423.47,0,0
"551",573,28385,2562,26,0,87,11841.81,0,0
"552",574,27939,2547,9,0,27,0,0,0
"553",575,28480,2536,41,0,150,0,0,0
"554",576,27252,2509,11,1,49,0,0.0909090909090909,0.0398565165404544
"555",577,28454,2503,4,0,11,9126.31,0,0
"556",578,27355,2475,41,0,128,0,0,0
"557",579,28626,2474,6,0,20,0,0,0
"558",580,28395,2466,20,0,75,3528,0,0
"559",581,27553,2463,15,0,74,0,0,0
"560",582,28119,2453,46,1,152,252.56,0.0217391304347826,0.040766408479413
"561",583,27054,2388,30,0,115,0,0,0
"562",584,28133,2383,25,0,92,1540.34,0,0
"563",585,28665,2377,18,0,60,0,0,0
"564",586,28746,2371,5,0,19,0,0,0
"565",587,28684,2370,4,1,18,0,0.25,0.0421940928270042
"566",588,28523,2364,6,1,26,2389.2,0.166666666666667,0.0423011844331641
"567",589,28423,2359,33,0,144,8572,0,0
"568",590,27986,2339,35,1,132,0,0.0285714285714286,0.0427533133817871
"569",591,28347,2329,23,0,126,0,0,0
"570",592,28617,2323,13,0,53,0,0,0
"571",593,28709,2302,3,0,13,0,0,0
"572",594,28125,2262,16,0,60,742,0,0
"573",595,28698,2247,11,0,60,0,0,0
"574",597,28747,2243,2,1,8,0,0.5,0.0445831475702185
"575",598,27888,2233,34,0,121,25449.7,0,0
"576",599,27007,2230,19,0,89,0,0,0
"577",600,27559,2225,15,0,52,0,0,0
"578",601,27820,2211,30,2,91,2564.8,0.0666666666666667,0.0904568068747173
"579",602,28430,2205,25,1,122,60,0.04,0.0453514739229025
"580",603,27242,2170,20,0,75,209.64,0,0
"581",604,27865,2168,8,0,40,0,0,0
"582",605,28622,2109,10,0,38,0,0,0
"583",606,28393,2106,52,0,241,50698.4,0,0
"584",608,28020,2082,7,0,28,0,0,0
"585",609,27950,2073,4,0,18,0,0,0
"586",610,28689,2071,13,0,78,9718,0,0
"587",611,27860,2066,25,0,121,144947.72,0,0
"588",612,28435,2058,20,0,68,151.86,0,0
"589",613,28573,2053,16,1,65,4284,0.0625,0.0487092060399415
"590",615,27212,2008,47,0,294,0,0,0
"591",616,27824,2001,8,0,52,0,0,0
"592",617,28399,1990,54,1,279,11360.37,0.0185185185185185,0.050251256281407
"593",618,27814,1989,9,0,50,130.2,0,0
"594",619,28743,1987,4,0,17,0,0,0
"595",620,28685,1979,8,0,42,0,0,0
"596",621,28436,1975,22,0,95,0,0,0
"597",622,27231,1963,10,0,49,0,0,0
"598",623,28444,1962,85,0,373,39135.65,0,0
"599",624,28538,1961,29,0,87,16586.67,0,0
"600",625,27808,1939,17,0,69,0,0,0
"601",626,28449,1932,11,0,56,0,0,0
"602",627,27869,1928,59,11,272,1142,0.186440677966102,0.570539419087137
"603",628,27046,1922,5,0,26,0,0,0
"604",629,28455,1914,15,2,87,120,0.133333333333333,0.104493207941484
"605",630,28091,1909,20,0,85,0,0,0
"606",631,28660,1878,21,0,90,1352.6,0,0
"607",632,27208,1847,17,0,101,3016,0,0
"608",633,27507,1841,16,1,78,0,0.0625,0.0543183052688756
"609",634,27981,1832,5,0,27,0,0,0
"610",635,28693,1819,9,0,53,0,0,0
"611",636,27305,1812,25,1,158,0,0.04,0.0551876379690949
"612",637,28783,1809,24,0,126,0,0,0
"613",638,27935,1801,9,1,54,0,0.111111111111111,0.0555247084952804
"614",639,28432,1790,26,2,154,7456,0.0769230769230769,0.111731843575419
"615",640,27928,1771,30,0,159,960,0,0
"616",641,28615,1767,3,0,16,0,0,0
"617",642,27980,1758,16,0,77,1264,0,0
"618",643,27562,1752,20,0,72,0,0,0
"619",644,27849,1742,9,0,61,0,0,0
"620",645,28679,1740,4,0,19,0,0,0
"621",646,27291,1735,1,0,7,0,0,0
"622",647,28637,1734,17,0,107,0,0,0
"623",648,27929,1711,2,0,10,0,0,0
"624",649,28529,1706,17,0,67,0,0,0
"625",650,27897,1690,38,1,154,4103.36,0.0263157894736842,0.0591715976331361
"626",651,28606,1689,17,0,72,0,0,0
"627",652,27315,1659,6,0,28,0,0,0
"628",653,28447,1643,70,0,525,6563.56,0,0
"629",654,28717,1640,45,0,306,0,0,0
"630",655,28392,1628,36,1,232,789.69,0.0277777777777778,0.0614250614250614
"631",656,27551,1627,13,1,59,240,0.0769230769230769,0.0614628149969269
"632",657,28438,1619,18,0,107,7839.68,0,0
"633",658,28421,1585,15,0,74,4460,0,0
"634",659,28442,1584,30,1,173,0,0.0333333333333333,0.0631313131313131
"635",660,27343,1579,4,0,22,0,0,0
"636",661,27926,1557,4,0,20,0,0,0
"637",662,27979,1547,2,0,11,0,0,0
"638",664,28510,1503,4,0,26,0,0,0
"639",665,27829,1480,8,1,43,964.07,0.125,0.0675675675675676
"640",666,28623,1464,21,0,122,560,0,0
"641",667,27842,1456,10,0,70,0,0,0
"642",669,27947,1431,3,0,36,0,0,0
"643",670,28363,1426,9,0,83,4301.45,0,0
"644",671,28343,1404,8,0,51,1898,0,0
"645",672,27016,1395,11,0,65,24,0,0
"646",673,28902,1377,11,0,70,0,0,0
"647",674,28531,1361,1,0,7,0,0,0
"648",676,27876,1346,10,1,78,338.16,0.1,0.0742942050520059
"649",677,27314,1339,5,0,44,0,0,0
"650",678,28624,1339,28,1,148,0,0.0357142857142857,0.0746825989544436
"651",679,27047,1335,7,0,55,3060,0,0
"652",680,27818,1335,16,0,126,0,0,0
"653",682,27920,1327,27,0,191,0,0,0
"654",683,27508,1326,17,0,73,0,0,0
"655",684,28682,1301,5,0,45,0,0,0
"656",685,27884,1301,5,0,32,72,0,0
"657",686,27957,1298,27,0,190,0,0,0
"658",688,27938,1261,3,0,21,1468.1,0,0
"659",689,28766,1222,3,0,20,0,0,0
"660",691,27974,1206,4,0,29,0,0,0
"661",692,28611,1162,12,0,123,0,0,0
"662",693,27973,1143,4,0,27,0,0,0
"663",694,28683,1135,8,0,41,0,0,0
"664",695,28644,1117,6,0,38,0,0,0
"665",696,27022,1099,4,0,26,0,0,0
"666",697,27857,1094,30,1,187,0,0.0333333333333333,0.0914076782449726
"667",698,28006,1076,11,0,97,0,0,0
"668",699,27885,1066,26,0,303,0,0,0
"669",700,28772,1061,1,0,5,0,0,0
"670",701,27843,1054,11,0,116,857.37,0,0
"671",702,27946,1052,4,0,37,0,0,0
"672",703,27942,1045,3,0,32,3196.8,0,0
"673",704,28909,1031,4,0,37,0,0,0
"674",705,27866,1028,11,1,164,72,0.0909090909090909,0.0972762645914397
"675",706,28434,1023,12,0,88,8973.53,0,0
"676",707,28556,1019,0,0,0,0,NA,0
"677",708,28527,1016,3,0,33,21.6,0,0
"678",709,27953,1013,6,0,60,0,0,0
"679",710,28774,1008,10,0,64,0,0,0
"680",711,28649,994,5,0,48,0,0,0
"681",712,27936,994,8,0,83,0,0,0
"682",713,27919,985,4,0,33,832.8,0,0
"683",714,28781,973,0,0,0,0,NA,0
"684",715,28627,970,5,0,33,0,0,0
"685",716,28452,934,18,0,351,0,0,0
"686",717,27927,932,3,0,49,0,0,0
"687",718,28439,931,31,4,202,7552,0.129032258064516,0.429645542427497
"688",719,27826,915,0,0,0,0,NA,0
"689",720,27709,914,0,0,0,0,NA,0
"690",721,28448,887,10,0,82,72,0,0
"691",722,27916,885,1,0,18,0,0,0
"692",723,27014,854,7,0,73,0,0,0
"693",724,28101,826,0,0,0,0,NA,0
"694",725,27813,825,5,0,73,0,0,0
"695",726,28631,818,17,0,317,0,0,0
"696",727,27922,786,6,0,54,72,0,0
"697",728,27531,779,2,0,30,0,0,0
"698",729,28740,759,10,0,47,0,0,0
"699",730,27966,738,3,0,20,0,0,0
"700",731,27917,734,1,0,9,0,0,0
"701",734,27847,699,6,0,56,0,0,0
"702",735,27965,693,0,0,0,0,NA,0
"703",736,27923,682,1,0,10,0,0,0
"704",739,27915,665,11,0,145,0,0,0
"705",741,27964,653,0,0,0,0,NA,0
"706",742,27862,649,1,0,11,0,0,0
"707",743,27853,642,0,0,0,0,NA,0
"708",744,28663,617,2,0,28,0,0,0
"709",745,27042,610,5,1,69,0,0.2,0.163934426229508
"710",746,28308,607,0,0,0,0,NA,0
"711",747,28736,603,11,0,149,0,0,0
"712",749,28528,590,0,0,0,0,NA,0
"713",751,28511,566,2,0,32,0,0,0
"714",752,27960,564,0,0,0,0,NA,0
"715",753,28702,560,1,0,14,0,0,0
"716",755,28579,554,7,0,88,0,0,0
"717",757,27943,511,0,0,0,0,NA,0
"718",760,27941,494,4,0,60,0,0,0
"719",762,27872,480,0,0,0,1230.8,NA,0
"720",763,28077,464,2,0,36,0,0,0
"721",764,28745,461,8,0,134,0,0,0
"722",765,28667,453,0,0,0,0,NA,0
"723",769,27840,426,12,2,224,0,0.166666666666667,0.469483568075117
"724",770,27875,424,0,0,0,0,NA,0
"725",771,27956,423,0,0,0,0,NA,0
"726",772,28577,388,4,0,67,0,0,0
"727",774,28708,375,0,0,0,0,NA,0
"728",775,28718,363,1,0,16,0,0,0
"729",777,28587,353,0,0,0,0,NA,0
"730",780,28553,326,1,0,19,0,0,0
"731",781,28520,322,0,0,0,0,NA,0
"732",782,28668,314,0,0,0,0,NA,0
"733",783,28646,308,0,0,0,0,NA,0
"734",784,28524,304,0,0,0,0,NA,0
"735",788,28735,293,0,0,0,0,NA,0
"736",789,28581,285,0,0,0,0,NA,0
"737",790,28583,279,0,0,0,0,NA,0
"738",791,27821,268,0,0,0,0,NA,0
"739",792,28775,267,0,0,0,0,NA,0
"740",793,28519,260,0,0,0,0,NA,0
"741",798,27978,203,0,0,0,0,NA,0
"742",802,27881,150,0,0,0,0,NA,0
"743",804,28537,146,0,0,0,0,NA,0
"744",805,28552,146,0,0,0,0,NA,0
"745",806,27556,143,0,0,0,0,NA,0
"746",807,28720,140,0,0,0,0,NA,0
"747",808,28375,135,0,0,0,0,NA,0
"748",809,28350,128,0,0,0,0,NA,0
"749",811,27968,125,0,0,0,0,NA,0
"750",813,28757,116,0,0,0,0,NA,0
"751",815,28039,86,0,0,0,0,NA,0
"752",818,27972,70,0,0,0,0,NA,0
"753",822,27827,58,0,0,0,0,NA,0
"754",823,28725,55,0,0,0,0,NA,0
"755",824,27982,54,0,0,0,0,NA,0
"756",826,27340,41,0,0,0,0,NA,0
"757",828,28749,29,0,0,0,0,NA,0
"758",829,27841,24,0,0,0,0,NA,0
"759",830,28672,16,0,0,0,0,NA,0
"760",831,28733,10,0,0,0,0,NA,0
